[
    {
        "id": 1,
        "Bus Name":"Green Line Transport",
        "Departure Time":"10:00 AM",
        "Source":"Jaipur",
        "Destination":"Udaipur",
        "Fare":600,
        "Coach Type":"AC",
        "Seats Available": 36,
        "bookings":{}
    },
    {
        "id": 2,
        "Bus Name":"Green Line Transport",
        "Departure Time":"10:00 AM",
        "Source":"Jaipur",
        "Destination":"Jodhpur",
        "Fare":600,
        "Coach Type":"AC",
        "Seats Available": 36,
        "bookings":{}
    },
    {
        "id": 3,
        "Bus Name":"Green Line Transport",
        "Departure Time":"10:00 AM",
        "Source":"Jaipur",
        "Destination":"Bikaner",
        "Fare":600,
        "Coach Type":"AC",
        "Seats Available": 36,
        "bookings":{}
    },
    {
        "id": 4,
        "Bus Name":"Green Line Transport",
        "Departure Time":"10:00 AM",
        "Source":"Jaipur",
        "Destination":"Ajmer",
        "Fare":600,
        "Coach Type":"AC",
        "Seats Available": 36,
        "bookings":{}
    },
    {
        "id": 5,
        "Bus Name":"Blue Line Transport",
        "Departure Time":"10:00 AM",
        "Source":"Jaipur",
        "Destination":"Udaipur",
        "Fare":500,
        "Coach Type":"Non AC",
        "Seats Available": 36,
        "bookings":{}
    },
    {
        "id": 6,
        "Bus Name":"Blue Line Transport",
        "Departure Time":"10:00 AM",
        "Source":"Jaipur",
        "Destination":"Jodhpur",
        "Fare":500,
        "Coach Type":"Non AC",
        "Seats Available": 36,
        "bookings":{}
    },
    {
        "id": 7,
        "Bus Name":"Blue Line Transport",
        "Departure Time":"10:00 AM",
        "Source":"Jaipur",
        "Destination":"Bikaner",
        "Fare":500,
        "Coach Type":"Non AC",
        "Seats Available": 36,
        "bookings":{}
    },
    {
        "id": 8,
        "Bus Name":"Blue Line Transport",
        "Departure Time":"10:00 AM",
        "Source":"Bikaner",
        "Destination":"Ajmer",
        "Fare":500,
        "Coach Type":"Non AC",
        "Seats Available": 36,
        "bookings":{}
    },
    {
        "id": 9,
        "Bus Name":"Blue Line Transport",
        "Departure Time":"10:00 AM",
        "Source":"Udaipur",
        "Destination":"Ajmer",
        "Fare":500,
        "Coach Type":"Non AC",
        "Seats Available": 36,
        "bookings":{}
    },
    {
        "id": 10,
        "Bus Name":"Green Line Transport",
        "Departure Time":"10:00 AM",
        "Source":"Udaipur",
        "Destination":"Jaipur",
        "Fare":500,
        "Coach Type":"Non AC",
        "Seats Available": 36,
        "bookings":{}
    },
    {
        "id": 11,
        "Bus Name":"Green Line Transport",
        "Departure Time":"10:00 AM",
        "Source":"Udaipur",
        "Destination":"Jodhpur",
        "Fare":500,
        "Coach Type":"Non AC",
        "Seats Available": 36,
        "bookings":{}
    },
    {
        "id": 12,
        "Bus Name":"Blue Line Transport",
        "Departure Time":"10:00 AM",
        "Source":"Udaipur",
        "Destination":"Bikaner",
        "Fare":500,
        "Coach Type":"AC",
        "Seats Available": 36,
        "bookings":{}
    },
    {
        "id": 13,
        "Bus Name":"Blue Line Transport",
        "Departure Time":"10:00 AM",
        "Source":"Bikaner",
        "Destination":"Jaipur",
        "Fare":500,
        "Coach Type":"Non AC",
        "Seats Available": 36,
        "bookings":{}
    },
    {
        "id": 14,
        "Bus Name":"Blue Line Transport",
        "Departure Time":"10:00 AM",
        "Source":"Bikaner",
        "Destination":"Jodhpur",
        "Fare":500,
        "Coach Type":"Non AC",
        "Seats Available": 36,
        "bookings":{}
    },
    {
        "id": 15,
        "Bus Name":"Blue Line Transport",
        "Departure Time":"10:00 AM",
        "Source":"Bikaner",
        "Destination":"Udaipur",
        "Fare":500,
        "Coach Type":"Non AC",
        "Seats Available": 36,
        "bookings":{}
    }
]